image_id,true_class,predicted_class,confidence,true_box,pred_box
00001248,pickup_truck,car,0.7341223359107971,"[350, 78, 532, 138]","[195, 114, 355, 209]"
00002145,car,car,0.5835354328155518,"[31, 309, 195, 427]","[215, 147, 356, 238]"
00004509,car,car,0.6286229491233826,"[76, 82, 305, 243]","[182, 134, 337, 230]"
00000545,articulated_truck,car,0.5828738808631897,"[247, 175, 719, 431]","[198, 135, 357, 233]"
00002109,car,car,0.6017313599586487,"[372, 346, 541, 478]","[248, 155, 399, 216]"
00002982,pickup_truck,car,0.6667154431343079,"[472, 141, 620, 206]","[204, 129, 362, 208]"
